metric,value
observations,1525
accuracy,0.5954098360655737
auc,0.6452760896826382
n_parameters,7
