group,n,mean_age,mean_hh_size,mean_income_earners,mean_children
Borrowers,1525,35.2544262295082,5.384918032786885,1.878032786885246,1.538360655737705
Non-borrowers,606,35.115511551155116,5.079207920792079,2.094059405940594,1.48424543946932
