repay_group,n,share
1-3 month delay,410,0.26885245901639343
NPL (3+ months),792,0.519344262295082
On-time,323,0.21180327868852458
