income_level,n,share
10 - 20 млн сўм,418,0.19615204129516658
20-50 млн сўм,150,0.07038948850305021
5 млн сўмгача,710,0.333176912247771
5-10 млн сўм,763,0.3580478648521821
50 млн сўмдан юқори,17,0.007977475363679024
Жавоб беришга қийналаман (ўқиб берилмасин),73,0.0342562177381511
